{
  "mean": [
    6.971789036885477e-05,
    276.61492901422,
    252.5261687490176,
    1.6701989884010504,
    7.058579206253117,
    -0.40816584865692523,
    -0.01691423406147467,
    14136.425803232121,
    54558.283350434176,
    60.11163958833154,
    49.162165587491224,
    0.009173204340087246,
    0.005572574231670648
  ],
  "std": [
    0.0002507412914788022,
    12.821995836708695,
    10.293836706163031,
    7.36827774087997,
    10.953937717075199,
    6.884699747489635,
    10.161937733992138,
    1104.7549554728553,
    2602.023473713733,
    28.84516984166797,
    32.28899633172088,
    0.2815852209308795,
    0.22072350508370048
  ]
}